{
	"class_name" : "PinholeCameraParameters",
	"extrinsic" : 
	[
		0.55320941934899059,
		-0.34331032792007865,
		0.75901077534311789,
		0.0,
		0.50658919762761623,
		0.86194055922517332,
		0.020636308041983919,
		0.0,
		-0.6613068298381326,
		0.37309045968237214,
		0.65075093984060872,
		0.0,
		119.57953455769606,
		46.046992709800975,
		328.6036891585718,
		1.0
	],
	"intrinsic" : 
	{
		"height" : 1280,
		"intrinsic_matrix" : 
		[
			1108.5125168440816,
			0.0,
			0.0,
			0.0,
			1108.5125168440816,
			0.0,
			959.5,
			639.5,
			1.0
		],
		"width" : 1920
	},
	"version_major" : 1,
	"version_minor" : 0
}